product_id,product_name,category,price,stock_quantity,description,keywords
PROD-001,QuantumCore Pro Laptop 15",Electronics,1299.99,15,"A high-performance laptop for professionals and creators.","laptop,computer,professional,15-inch,electronics,notebook,home office,wfh"
PROD-002,EchoSphere Smart Speaker,Electronics,49.99,120,"A voice-controlled smart speaker with crisp audio.","smart speaker,audio,voice assistant,electronics,smart home,alexa,google home"
PROD-003,SilentMark Noise-Cancelling Headphones,Electronics,249.50,45,"Immerse yourself in sound with industry-leading noise cancellation.","headphones,audio,noise cancelling,bluetooth,wireless,travel,gadget"
PROD-004,ChronoWatch Series 5,Electronics,399.00,60,"A sleek smartwatch with fitness tracking and notifications.","smartwatch,wearable,fitness,tracker,watch,electronics,gadget"
PROD-006,Portable Power Bank 20000mAh,Electronics,29.99,300,"Charge your devices on the go with this high-capacity power bank.","power bank,charger,portable,battery,phone accessories,travel,gadget"
PROD-007,Aura Gaming Headset,Electronics,99.99,70,"RGB backlit headset for an immersive gaming experience.","headphones,gaming,headset,rgb,pc,audio,wireless,esports"
PROD-011,Organic Arabica Coffee Beans (1kg),Groceries & Gourmet Food,22.50,200,"Whole bean dark roast coffee with rich, bold flavors.","coffee,beans,organic,arabica,whole bean,beverage,dark roast,groceries"
PROD-012,Single-Origin Ethiopian Coffee (1kg),Groceries & Gourmet Food,24.99,150,"Light roast whole bean coffee with bright, fruity notes.","coffee,beans,organic,ethiopian,whole bean,beverage,light roast,groceries"
PROD-013,Spicy Kimchi Ramen Noodles (5-pack),Groceries & Gourmet Food,8.99,150,"Instant ramen noodles with a fiery kimchi flavor kick.","ramen,noodles,spicy,korean,instant,snacks,kimchi,food"
PROD-014,Extra Virgin Olive Oil (500ml),Groceries & Gourmet Food,12.99,80,"Cold-pressed extra virgin olive oil for cooking and dressings.","olive oil,cooking,pantry,healthy,mediterranean,evoo,groceries"
PROD-015,Gourmet Dark Chocolate Bar (72% Cacao),Groceries & Gourmet Food,4.50,400,"A rich and intense dark chocolate bar for connoisseurs.","chocolate,dark chocolate,gourmet,snack,dessert,cacao,organic"
PROD-020,Organic Wildflower Honey (250g),Groceries & Gourmet Food,11.50,130,"Raw and unfiltered honey from wildflower blossoms.","honey,organic,raw,sweetener,pantry,groceries,snack"
PROD-021,Modernist Ceramic Vase,Home & Kitchen,34.99,55,"A minimalist ceramic vase to complement any home decor.","vase,decor,home,ceramic,modern,living room,gift"
PROD-023,Stainless Steel Chef's Knife (8-inch),Home & Kitchen,45.00,110,"A professional-grade chef's knife for all your kitchen needs.","knife,kitchen,cooking,chef,cutlery,stainless steel"
PROD-026,AeroPress Coffee Maker,Home & Kitchen,32.00,180,"A revolutionary coffee press for a rich, smooth cup of coffee.","coffee maker,aeropress,kitchen,brew,gadget,coffee"
PROD-027,Eco-Friendly Bamboo Cutting Board,Home & Kitchen,19.99,200,"A durable and sustainable cutting board made from bamboo.","cutting board,bamboo,kitchen,eco-friendly,sustainable,cooking"
PROD-028,Smart LED Light Bulb (RGB),Home & Kitchen,14.99,300,"Change the color and brightness of your lights with your phone.","smart bulb,led,rgb,smart home,lighting,wifi,electronics"
PROD-030,All-Purpose Natural Cleaner,Home & Kitchen,9.99,160,"An eco-friendly cleaner for all surfaces.","cleaner,natural,eco-friendly,cleaning supplies,kitchen,sustainable"
PROD-031,Hydrating Hyaluronic Acid Serum,Beauty & Personal Care,25.00,120,"A powerful serum for deep hydration and plumping the skin.","serum,skincare,hyaluronic acid,hydrating,beauty,cosmetic,face"
PRO-031B,Vitamin C Brightening Serum,Beauty & Personal Care,32.00,100,"A daily serum to brighten and even out skin tone.","serum,skincare,vitamin c,brightening,beauty,cosmetic,face"
PROD-032,Vitamin C Brightening Moisturizer,Beauty & Personal Care,30.00,90,"A daily moisturizer to brighten and even out skin tone.","moisturizer,skincare,vitamin c,brightening,face cream,cosmetic"
PROD-034,Matte Liquid Lipstick (Ruby Red),Beauty & Personal Care,15.00,200,"A long-lasting liquid lipstick with a bold matte finish.","lipstick,makeup,matte,red,cosmetics,beauty"
PROD-039,Argan Oil Hair Treatment,Beauty & Personal Care,28.00,75,"A nourishing oil to repair and add shine to your hair.","hair oil,argan oil,hair care,treatment,beauty,serum"
PROD-040,SPF 50 Daily Sunscreen,Beauty & Personal Care,19.99,250,"A lightweight, non-greasy sunscreen for daily protection.","sunscreen,spf,skincare,sun protection,beauty,face"
PROD-041,Men's Classic Cotton T-Shirt,Apparel,25.00,500,"A soft and durable 100% cotton t-shirt.","t-shirt,mens,apparel,clothing,basic,cotton"
PROD-041B,Women's Organic Cotton V-Neck Tee,Apparel,28.00,450,"A soft and breathable v-neck made from organic cotton.","t-shirt,womens,apparel,clothing,basic,cotton,organic"
PROD-042,Women's High-Waist Yoga Leggings,Apparel,49.99,300,"Stretchy and comfortable leggings perfect for yoga or lounging.","leggings,womens,yoga,activewear,apparel,clothing,fitness"
PROD-043,Unisex Vintage Denim Jacket,Apparel,89.50,100,"A timeless denim jacket with a classic vintage wash.","denim jacket,jacket,unisex,apparel,clothing,outerwear"
PROD-044,Merino Wool Hiking Socks,Apparel,18.00,400,"Warm and breathable merino wool socks for hiking and outdoors.","socks,hiking,merino wool,outdoor,apparel,fitness"
PROD-051,Professional Yoga Mat,Sports & Outdoors,39.99,180,"A non-slip, cushioned yoga mat for your daily practice.","yoga mat,yoga,fitness,exercise,sports"
PROD-052,Insulated Stainless Steel Water Bottle,Sports & Outdoors,24.99,400,"Keeps your drinks cold for 24 hours or hot for 12.","water bottle,insulated,stainless steel,reusable,fitness,travel,hiking"
PROD-054,Resistance Loop Bands (Set of 5),Sports & Outdoors,15.99,500,"A set of five resistance bands for workouts and physical therapy.","resistance bands,fitness,exercise,home gym,workout,yoga"
PROD-055,2-Person Camping Tent,Sports & Outdoors,99.00,70,"A lightweight and waterproof tent for camping adventures.","tent,camping,outdoor,hiking,shelter,waterproof"
PROD-056,High-Lumen LED Headlamp,Sports & Outdoors,19.99,250,"A bright and reliable headlamp for hiking, camping, and running.","headlamp,lighting,outdoor,camping,hiking,running,gadget,rechargeable"
PROD-065,Men's Performance Running Shoes,Apparel,120.00,80,"Lightweight and cushioned running shoes for avid runners.","running shoes,sneakers,mens,athletic,sports,fitness,footwear"
PROD-077,SoundWave Portable Bluetooth Speaker,Electronics,35.00,200,"A compact, waterproof speaker with powerful sound.","bluetooth speaker,portable,audio,wireless,waterproof,outdoor,gadget"
PROD-081,Travel Neck Pillow,Apparel,19.99,250,"A memory foam neck pillow for comfortable travel.","neck pillow,travel,comfort,accessories,flying,gadget"
PROD-087,Reusable Silicone Food Storage Bags,Home & Kitchen,18.99,220,"An eco-friendly alternative to single-use plastic bags.","reusable bags,silicone,storage,kitchen,eco-friendly,sustainable,food"